classification,BUY,SELL
Extreme Fear,51.09813084112149,48.901869158878505
Fear,48.951275126542356,51.048724873457644
Neutral,50.33434166533991,49.66565833466009
Greed,48.8559330457428,51.144066954257205
Extreme Greed,44.85897179435887,55.14102820564113
